CHROMOSOME	POSITION	REF	ALT	SAMPLE	TYPE
1	99150	T	A	CGP_donor_1397260	subs
1	231793	A	G	CGP_donor_1337223	subs
1	404447	C	T	CGP_donor_1337236	subs
1	559388	G	T	CGP_donor_1397282	subs
1	585741	G	T	CGP_donor_1353434	subs
1	661926	G	A	CGP_donor_1163904	subs
1	717900	T	C	CGP_donor_1234124	subs
1	718896	T	A	CGP_donor_1186990	subs
1	753461	C	T	CGP_donor_1397086	subs
1	758153	A	G	CGP_donor_1347751	subs
1	785527	G	A	CGP_donor_1451427	subs
1	807219	G	C	CGP_donor_1234123	subs
1	810714	A	T	CGP_donor_1353427	subs
1	811709	C	T	CGP_donor_1347731	subs
chr1	832009	G	A	CGP_donor_1347756	subs
1	846263	C	T	CGP_donor_1347723	subs
1	863565	A	C	CGP_donor_1425260	subs
1	880264	C	T	CGP_donor_1353427	subs
1	884773	G	A	CGP_donor_1230754	subs
1	903395	C	T	CGP_donor_1451427	subs
1	910299	G	A	CGP_donor_1337218	subs
1	911412	A	C	CGP_donor_1353426	subs
1	925696	G	A	CGP_donor_1234123	subs
1	945132	A	T	CGP_donor_1347756	subs
1	953183	A	T	CGP_donor_1353429	subs
1	953320	C	T	CGP_donor_1234123	subs
1	954112	G	A	CGP_donor_1397278	subs
1	964735	G	A	CGP_donor_1347742	subs
1	979770	G	T	CGP_donor_1451427	subs
1	981899	G	A	CGP_donor_1347731	subs
1	1033551	A	G	CGP_donor_1234124	subs
1	1039023	G	A	CGP_donor_1503019	subs
1	1042855	T	C	CGP_donor_1503133	subs
1	1045316	T	A	CGP_donor_1337214	subs
1	1052571	G	A	CGP_donor_1337225	subs
1	1055771	C	G	CGP_donor_1397278	subs
1	1060610	T	A	CGP_donor_1333048	subs
1	1063844	G	A	CGP_donor_1186990	subs
1	1071384	T	C	CGP_donor_1475201	subs
1	1072213	G	A	CGP_donor_1337214	subs
1	1074510	G	A	CGP_donor_1503016	subs
1	1074522	G	A	CGP_donor_1503016	subs
1	1100349	C	T	CGP_donor_1451422	subs
1	1126309	G	T	CGP_donor_1347731	subs
1	1141152	G	A	CGP_donor_1163904	subs
1	1152883	G	T	CGP_donor_1475200	subs
1	1164432	T	C	CGP_donor_1397279	subs
1	1192167	G	A	CGP_donor_1234123	subs
1	1192565	C	T	CGP_donor_1451427	subs
1	1193847	C	A	CGP_donor_1337214	subs
1	1222395	G	C	CGP_donor_1234123	subs
1	1304970	C	T	CGP_donor_1397278	subs
1	1310922	T	A	CGP_donor_1234120	subs
1	1310923	C	A	CGP_donor_1234120	subs
1	1312712	G	C	CGP_donor_1374617	subs
1	1313720	C	G	CGP_donor_1337225	subs
1	1318434	G	T	CGP_donor_1186990	subs
1	1329520	A	G	CGP_donor_1475201	subs
1	1335309	G	A	CGP_donor_1234124	subs
1	1339775	C	A	CGP_donor_1397282	subs
1	1423791	A	T	CGP_donor_1397266	subs
1	1444347	T	C	CGP_donor_1397266	subs
1	1448297	G	C	CGP_donor_1353426	subs
1	1469198	C	T	CGP_donor_1503133	subs
1	1469199	C	T	CGP_donor_1503133	subs
1	1469200	A	G	CGP_donor_1503133	subs
1	1502127	G	A	CGP_donor_1503128	subs
1	1507474	C	A	CGP_donor_1451422	subs
1	1514668	G	A	CGP_donor_1234120	subs
1	1529383	G	C	CGP_donor_1347751	subs
1	1537992	G	T	CGP_donor_1347723	subs
1	1581544	C	T	CGP_donor_1337217	subs
1	1588535	C	A	CGP_donor_1353427	subs
1	1626105	G	A	CGP_donor_1397282	subs
1	1635824	A	C	CGP_donor_1397282	subs
1	1635849	G	A	CGP_donor_1397282	subs
1	1638090	G	C	CGP_donor_1232859	subs
1	1647141	C	G	CGP_donor_1397282	subs
1	1663883	A	T	CGP_donor_1374616	subs
1	1672568	G	C	CGP_donor_1374616	subs
1	1708952	G	T	CGP_donor_1337236	subs
1	1722356	T	G	CGP_donor_1451422	subs
1	1731387	G	A	CGP_donor_1234123	subs
1	1747359	C	T	CGP_donor_1397278	subs
1	1766196	C	A	CGP_donor_1503017	subs
1	1778841	C	A	CGP_donor_1230796	subs
1	1797867	T	A	CGP_donor_1475200	subs
1	1798074	T	A	CGP_donor_1230754	subs
1	1798687	A	C	CGP_donor_1337236	subs
1	1802551	G	A	CGP_donor_1347731	subs
1	1813250	G	A	CGP_donor_1230796	subs
1	1813996	G	C	CGP_donor_1337238	subs
1	1815074	C	T	CGP_donor_1503140	subs
1	1849353	G	A	CGP_donor_1234123	subs
1	1858000	C	T	CGP_donor_1503019	subs
1	1865328	C	A	CGP_donor_1333048	subs
1	1898336	C	T	CGP_donor_1337225	subs
1	1919376	G	A	CGP_donor_1397284	subs
1	1926673	C	T	CGP_donor_1234129	subs
